,date,granularite,maille_code,maille_nom,cas_confirmes,cas_ehpad,cas_confirmes_ehpad,cas_possibles_ehpad,deces,deces_ehpad,reanimation,hospitalises,gueris,depistes,source_nom,source_url,source_archive,source_type,susceptible
0,2020-01-24,pays,FRA,France,3.0,,,,0.0,,,3.0,,,Santé publique France,https://www.santepubliquefrance.fr/maladies-et-traumatismes/maladies-et-infections-respiratoires/infection-a-coronavirus/articles/cas-de-pneumonies-associees-a-un-nouveau-coronavirus-2019-ncov-a-wuhan-en-chine,https://web.archive.org/web/20200124202351/https://www.santepubliquefrance.fr/maladies-et-traumatismes/maladies-et-infections-respiratoires/infection-a-coronavirus/articles/cas-de-pneumonies-associees-a-un-nouveau-coronavirus-2019-ncov-a-wuhan-en-chine,sante-publique-france,
1,2020-01-25,pays,FRA,France,3.0,,,,0.0,,,,,,Santé publique France,https://www.santepubliquefrance.fr/maladies-et-traumatismes/maladies-et-infections-respiratoires/infection-a-coronavirus/articles/cas-de-pneumonies-associees-a-un-nouveau-coronavirus-2019-ncov-a-wuhan-en-chine,https://web.archive.org/web/20200126024644/https://www.santepubliquefrance.fr/maladies-et-traumatismes/maladies-et-infections-respiratoires/infection-a-coronavirus/articles/cas-de-pneumonies-associees-a-un-nouveau-coronavirus-2019-ncov-a-wuhan-en-chine,sante-publique-france,
2,2020-01-26,pays,FRA,France,3.0,,,,,,,,,,Santé publique France,https://www.santepubliquefrance.fr/maladies-et-traumatismes/maladies-et-infections-respiratoires/infection-a-coronavirus/articles/cas-de-pneumonies-associees-a-un-nouveau-coronavirus-2019-ncov-a-wuhan-en-chine,https://web.archive.org/web/20200127144431/https://www.santepubliquefrance.fr/maladies-et-traumatismes/maladies-et-infections-respiratoires/infection-a-coronavirus/articles/cas-de-pneumonies-associees-a-un-nouveau-coronavirus-2019-ncov-a-wuhan-en-chine,sante-publique-france,
3,2020-01-27,pays,FRA,France,3.0,,,,0.0,,0.0,3.0,0.0,,Santé publique France,https://www.santepubliquefrance.fr/maladies-et-traumatismes/maladies-et-infections-respiratoires/infection-a-coronavirus/articles/cas-de-pneumonies-associees-a-un-nouveau-coronavirus-2019-ncov-a-wuhan-en-chine,https://web.archive.org/web/20200128153608/https://www.santepubliquefrance.fr/maladies-et-traumatismes/maladies-et-infections-respiratoires/infection-a-coronavirus/articles/cas-de-pneumonies-associees-a-un-nouveau-coronavirus-2019-ncov-a-wuhan-en-chine,sante-publique-france,66999997.0
4,2020-01-28,pays,FRA,France,4.0,,,,0.0,,1.0,4.0,0.0,,Santé publique France,https://www.santepubliquefrance.fr/maladies-et-traumatismes/maladies-et-infections-respiratoires/infection-a-coronavirus/articles/epidemie-de-coronavirus-covid-19-au-depart-de-wuhan-chine,https://web.archive.org/web/20200212192607/https://www.santepubliquefrance.fr/maladies-et-traumatismes/maladies-et-infections-respiratoires/infection-a-coronavirus/articles/epidemie-de-coronavirus-covid-19-au-depart-de-wuhan-chine,sante-publique-france,66999996.0
5,2020-01-29,pays,FRA,France,5.0,,,,0.0,,2.0,5.0,0.0,,Santé publique France,https://www.santepubliquefrance.fr/maladies-et-traumatismes/maladies-et-infections-respiratoires/infection-a-coronavirus/articles/cas-de-pneumonies-associees-a-un-nouveau-coronavirus-2019-ncov-a-wuhan-en-chine,https://web.archive.org/web/20200130082013/https://www.santepubliquefrance.fr/maladies-et-traumatismes/maladies-et-infections-respiratoires/infection-a-coronavirus/articles/cas-de-pneumonies-associees-a-un-nouveau-coronavirus-2019-ncov-a-wuhan-en-chine,sante-publique-france,66999995.0
6,2020-01-30,pays,FRA,France,6.0,,,,0.0,,2.0,6.0,0.0,,Santé publique France,https://www.santepubliquefrance.fr/maladies-et-traumatismes/maladies-et-infections-respiratoires/infection-a-coronavirus/articles/cas-de-pneumonies-associees-a-un-nouveau-coronavirus-2019-ncov-a-wuhan-en-chine,https://web.archive.org/web/20200131123433/https://www.santepubliquefrance.fr/maladies-et-traumatismes/maladies-et-infections-respiratoires/infection-a-coronavirus/articles/cas-de-pneumonies-associees-a-un-nouveau-coronavirus-2019-ncov-a-wuhan-en-chine,sante-publique-france,66999994.0
7,2020-01-31,pays,FRA,France,6.0,,,,0.0,,2.0,6.0,0.0,,Santé publique France,https://www.santepubliquefrance.fr/maladies-et-traumatismes/maladies-et-infections-respiratoires/infection-a-coronavirus/articles/cas-de-pneumonies-associees-a-un-nouveau-coronavirus-2019-ncov-a-wuhan-en-chine,https://web.archive.org/web/20200201131050/https://www.santepubliquefrance.fr/maladies-et-traumatismes/maladies-et-infections-respiratoires/infection-a-coronavirus/articles/cas-de-pneumonies-associees-a-un-nouveau-coronavirus-2019-ncov-a-wuhan-en-chine,sante-publique-france,66999994.0
8,2020-02-02,pays,FRA,France,6.0,,,,0.0,,1.0,6.0,0.0,,Ministère des Solidarités et de la Santé,https://www.dailymotion.com/video/x7reub3,,ministere-sante,66999994.0
9,2020-02-03,pays,FRA,France,6.0,,,,0.0,,1.0,6.0,0.0,,Santé publique France,https://www.santepubliquefrance.fr/maladies-et-traumatismes/maladies-et-infections-respiratoires/infection-a-coronavirus/articles/cas-de-pneumonies-associees-a-un-nouveau-coronavirus-2019-ncov-a-wuhan-en-chine,https://web.archive.org/web/20200204141452/https://www.santepubliquefrance.fr/maladies-et-traumatismes/maladies-et-infections-respiratoires/infection-a-coronavirus/articles/cas-de-pneumonies-associees-a-un-nouveau-coronavirus-2019-ncov-a-wuhan-en-chine,sante-publique-france,66999994.0
10,2020-02-04,pays,FRA,France,6.0,,,,0.0,,1.0,6.0,0.0,,Ministère des Solidarités et de la Santé,https://www.dailymotion.com/video/x7rhwp3,,ministere-sante,66999994.0
11,2020-02-05,pays,FRA,France,6.0,,,,0.0,,1.0,6.0,0.0,,Santé publique France,https://www.santepubliquefrance.fr/maladies-et-traumatismes/maladies-et-infections-respiratoires/infection-a-coronavirus/articles/coronavirus-2019-ncov-france-et-monde,https://web.archive.org/web/20200206105035/https://www.santepubliquefrance.fr/maladies-et-traumatismes/maladies-et-infections-respiratoires/infection-a-coronavirus/articles/coronavirus-2019-ncov-france-et-monde,sante-publique-france,66999994.0
12,2020-02-06,pays,FRA,France,6.0,,,,0.0,,,6.0,,,Santé publique France,https://www.santepubliquefrance.fr/maladies-et-traumatismes/maladies-et-infections-respiratoires/infection-a-coronavirus/articles/epidemie-de-coronavirus-2019-ncov-au-depart-de-wuhan-chine,https://web.archive.org/web/20200207132717/https://www.santepubliquefrance.fr/maladies-et-traumatismes/maladies-et-infections-respiratoires/infection-a-coronavirus/articles/epidemie-de-coronavirus-2019-ncov-au-depart-de-wuhan-chine,sante-publique-france,
13,2020-02-07,pays,FRA,France,11.0,,,,0.0,,1.0,11.0,0.0,,Santé publique France,https://www.santepubliquefrance.fr/maladies-et-traumatismes/maladies-et-infections-respiratoires/infection-a-coronavirus/articles/epidemie-de-coronavirus-2019-ncov-au-depart-de-wuhan-chine,https://web.archive.org/web/20200207164830/https://www.santepubliquefrance.fr/maladies-et-traumatismes/maladies-et-infections-respiratoires/infection-a-coronavirus/articles/epidemie-de-coronavirus-2019-ncov-au-depart-de-wuhan-chine,sante-publique-france,66999989.0
14,2020-02-08,pays,FRA,France,11.0,,,,0.0,,1.0,11.0,0.0,,Santé publique France,https://www.santepubliquefrance.fr/maladies-et-traumatismes/maladies-et-infections-respiratoires/infection-a-coronavirus/articles/epidemie-de-coronavirus-2019-ncov-au-depart-de-wuhan-chine,https://web.archive.org/web/20200208170452/https://www.santepubliquefrance.fr/maladies-et-traumatismes/maladies-et-infections-respiratoires/infection-a-coronavirus/articles/epidemie-de-coronavirus-2019-ncov-au-depart-de-wuhan-chine,sante-publique-france,66999989.0
15,2020-02-09,pays,FRA,France,11.0,,,,0.0,,1.0,11.0,0.0,,Ministère des Solidarités et de la Santé,https://www.dailymotion.com/video/x7rnsoh,,ministere-sante,66999989.0
16,2020-02-10,pays,FRA,France,11.0,,,,0.0,,1.0,11.0,0.0,,Santé publique France,https://www.santepubliquefrance.fr/maladies-et-traumatismes/maladies-et-infections-respiratoires/infection-a-coronavirus/articles/epidemie-de-coronavirus-2019-ncov-au-depart-de-wuhan-chine,https://web.archive.org/web/20200210163443/https://www.santepubliquefrance.fr/maladies-et-traumatismes/maladies-et-infections-respiratoires/infection-a-coronavirus/articles/epidemie-de-coronavirus-2019-ncov-au-depart-de-wuhan-chine,sante-publique-france,66999989.0
17,2020-02-11,pays,FRA,France,11.0,,,,0.0,,,11.0,,,Santé publique France,https://www.santepubliquefrance.fr/maladies-et-traumatismes/maladies-et-infections-respiratoires/infection-a-coronavirus/articles/epidemie-de-coronavirus-2019-ncov-au-depart-de-wuhan-chine,https://web.archive.org/web/20200211193112/https://www.santepubliquefrance.fr/maladies-et-traumatismes/maladies-et-infections-respiratoires/infection-a-coronavirus/articles/epidemie-de-coronavirus-2019-ncov-au-depart-de-wuhan-chine,sante-publique-france,
18,2020-02-12,pays,FRA,France,11.0,,,,0.0,,1.0,11.0,2.0,,Santé publique France,https://www.santepubliquefrance.fr/maladies-et-traumatismes/maladies-et-infections-respiratoires/infection-a-coronavirus/articles/epidemie-de-coronavirus-covid-19-au-depart-de-wuhan-chine,https://web.archive.org/web/20200212192607/https://www.santepubliquefrance.fr/maladies-et-traumatismes/maladies-et-infections-respiratoires/infection-a-coronavirus/articles/epidemie-de-coronavirus-covid-19-au-depart-de-wuhan-chine,sante-publique-france,66999987.0
19,2020-02-13,pays,FRA,France,11.0,,,,0.0,,1.0,8.0,3.0,,Ministère des Solidarités et de la Santé,https://www.dailymotion.com/video/x7rrptk,,ministere-sante,66999986.0
20,2020-02-15,pays,FRA,France,12.0,,,,1.0,,,7.0,4.0,,Ministère des Solidarités et de la Santé,https://www.dailymotion.com/video/x7rtvys,,ministere-sante,66999983.0
21,2020-02-17,pays,FRA,France,12.0,,,,1.0,,,,,,Ministère des Solidarités et de la Santé,https://www.dailymotion.com/video/x7rxi3p,,ministere-sante,
22,2020-02-19,pays,FRA,France,12.0,,,,1.0,,,4.0,7.0,,Ministère des Solidarités et de la Santé,https://www.dailymotion.com/video/x7rzpgd,,ministere-sante,66999980.0
23,2020-02-20,pays,FRA,France,12.0,,,,1.0,,,11.0,,,Santé publique France,https://www.santepubliquefrance.fr/maladies-et-traumatismes/maladies-et-infections-respiratoires/infection-a-coronavirus/articles/infection-au-nouveau-coronavirus-sars-cov-2-covid-19-france-et-monde,https://web.archive.org/web/20200220180159/https://www.santepubliquefrance.fr/maladies-et-traumatismes/maladies-et-infections-respiratoires/infection-a-coronavirus/articles/infection-au-nouveau-coronavirus-sars-cov-2-covid-19-france-et-monde,sante-publique-france,
24,2020-02-21,pays,FRA,France,12.0,,,,1.0,,,1.0,10.0,,Ministère des Solidarités et de la Santé,https://www.dailymotion.com/video/x7s2l4u,,ministere-sante,66999977.0
25,2020-02-23,pays,FRA,France,12.0,,,,1.0,,,1.0,10.0,,Ministère des Solidarités et de la Santé,https://www.dailymotion.com/video/x7s4yks,,ministere-sante,66999977.0
26,2020-02-24,pays,FRA,France,12.0,,,,1.0,,,,11.0,,Ministère des Solidarités et de la Santé,https://www.dailymotion.com/video/x7s6c04,,ministere-sante,66999976.0
27,2020-02-25,pays,FRA,France,12.0,,,,1.0,,,2.0,11.0,,Santé publique France,https://www.santepubliquefrance.fr/maladies-et-traumatismes/maladies-et-infections-respiratoires/infection-a-coronavirus/articles/infection-au-nouveau-coronavirus-sars-cov-2-covid-19-france-et-monde,https://web.archive.org/web/20200226110440/https://www.santepubliquefrance.fr/maladies-et-traumatismes/maladies-et-infections-respiratoires/infection-a-coronavirus/articles/infection-au-nouveau-coronavirus-sars-cov-2-covid-19-france-et-monde,sante-publique-france,66999976.0
28,2020-02-26,pays,FRA,France,17.0,,,,2.0,,,4.0,12.0,,Santé publique France,https://www.santepubliquefrance.fr/maladies-et-traumatismes/maladies-et-infections-respiratoires/infection-a-coronavirus/articles/infection-au-nouveau-coronavirus-sars-cov-2-covid-19-france-et-monde,https://web.archive.org/web/20200226194048/https://www.santepubliquefrance.fr/maladies-et-traumatismes/maladies-et-infections-respiratoires/infection-a-coronavirus/articles/infection-au-nouveau-coronavirus-sars-cov-2-covid-19-france-et-monde,sante-publique-france,66999969.0
29,2020-02-27,pays,FRA,France,38.0,,,,2.0,,2.0,24.0,12.0,,Ministère des Solidarités et de la Santé,https://www.dailymotion.com/video/x7savbf,,ministere-sante,66999948.0
30,2020-02-28,pays,FRA,France,38.0,,,,2.0,,,,,,Santé publique France,https://www.santepubliquefrance.fr/maladies-et-traumatismes/maladies-et-infections-respiratoires/infection-a-coronavirus/articles/covid-19-situation-epidemiologique-en-france,https://web.archive.org/web/20200229212809/https://www.santepubliquefrance.fr/maladies-et-traumatismes/maladies-et-infections-respiratoires/infection-a-coronavirus/articles/covid-19-situation-epidemiologique-en-france,sante-publique-france,
31,2020-02-29,pays,FRA,France,73.0,,,,2.0,,9.0,86.0,12.0,,Santé publique France,https://www.santepubliquefrance.fr/maladies-et-traumatismes/maladies-et-infections-respiratoires/infection-a-coronavirus/articles/covid-19-situation-epidemiologique-en-france,https://web.archive.org/web/20200229212809/https://www.santepubliquefrance.fr/maladies-et-traumatismes/maladies-et-infections-respiratoires/infection-a-coronavirus/articles/covid-19-situation-epidemiologique-en-france,sante-publique-france,66999913.0
32,2020-03-01,pays,FRA,France,130.0,,,,2.0,,9.0,116.0,12.0,,Ministère des Solidarités et de la Santé,https://www.dailymotion.com/video/x7sedoy,,ministere-sante,66999856.0
33,2020-03-02,pays,FRA,France,178.0,,,,3.0,,,,,,Santé publique France,https://www.santepubliquefrance.fr/maladies-et-traumatismes/maladies-et-infections-respiratoires/infection-a-coronavirus/articles/covid-19-situation-epidemiologique-en-france,https://web.archive.org/web/20200303124836/https://www.santepubliquefrance.fr/maladies-et-traumatismes/maladies-et-infections-respiratoires/infection-a-coronavirus/articles/covid-19-situation-epidemiologique-en-france,sante-publique-france,
34,2020-03-03,pays,FRA,France,212.0,,,,4.0,,,,12.0,,Santé publique France,https://www.santepubliquefrance.fr/maladies-et-traumatismes/maladies-et-infections-respiratoires/infection-a-coronavirus/articles/infection-au-nouveau-coronavirus-sars-cov-2-covid-19-france-et-monde,https://web.archive.org/web/20200303185725/https://www.santepubliquefrance.fr/maladies-et-traumatismes/maladies-et-infections-respiratoires/infection-a-coronavirus/articles/infection-au-nouveau-coronavirus-sars-cov-2-covid-19-france-et-monde,sante-publique-france,66999772.0
35,2020-03-04,pays,FRA,France,285.0,,,,4.0,,15.0,,,,Santé publique France,https://www.santepubliquefrance.fr/content/download/235529/2526819,https://web.archive.org/web/20200305181330/https://www.santepubliquefrance.fr/content/download/234628/link_1_file_to_download/COVID19_PE_20200304.pdf,sante-publique-france,
36,2020-03-05,pays,FRA,France,423.0,,,,5.0,,23.0,,,,Santé publique France,https://www.santepubliquefrance.fr/content/download/235532/2526871,,sante-publique-france,
37,2020-03-06,pays,FRA,France,613.0,,,,9.0,,39.0,,,,Santé publique France,https://www.santepubliquefrance.fr/content/download/235535/2526923,https://web.archive.org/web/20200308004050/https://www.santepubliquefrance.fr/content/download/234974/link_1_file_to_download/COVID19_PE_20200306.pdf,sante-publique-france,
38,2020-03-07,pays,FRA,France,949.0,,,,11.0,,45.0,,,,Santé publique France,https://www.santepubliquefrance.fr/content/download/235538/2526975,https://web.archive.org/web/20200319120255/https://www.santepubliquefrance.fr/content/download/234974/link_1_file_to_download/COVID19_PE_20200307.pdf,sante-publique-france,
39,2020-03-08,pays,FRA,France,1126.0,,,,19.0,,,,,,Santé publique France,https://www.santepubliquefrance.fr/maladies-et-traumatismes/maladies-et-infections-respiratoires/infection-a-coronavirus/articles/infection-au-nouveau-coronavirus-sars-cov-2-covid-19-france-et-monde,https://web.archive.org/web/20200309074325/https://www.santepubliquefrance.fr/maladies-et-traumatismes/maladies-et-infections-respiratoires/infection-a-coronavirus/articles/infection-au-nouveau-coronavirus-sars-cov-2-covid-19-france-et-monde,sante-publique-france,
40,2020-03-09,pays,FRA,France,1412.0,,,,30.0,,66.0,,,,Santé publique France,https://www.santepubliquefrance.fr/maladies-et-traumatismes/maladies-et-infections-respiratoires/infection-a-coronavirus/articles/infection-au-nouveau-coronavirus-sars-cov-2-covid-19-france-et-monde,https://web.archive.org/web/20200309183257/https://www.santepubliquefrance.fr/maladies-et-traumatismes/maladies-et-infections-respiratoires/infection-a-coronavirus/articles/infection-au-nouveau-coronavirus-sars-cov-2-covid-19-france-et-monde,sante-publique-france,
41,2020-03-10,pays,FRA,France,1784.0,,,,33.0,,86.0,,,,Santé publique France,https://www.santepubliquefrance.fr/maladies-et-traumatismes/maladies-et-infections-respiratoires/infection-a-coronavirus/articles/infection-au-nouveau-coronavirus-sars-cov-2-covid-19-france-et-monde,https://web.archive.org/web/20200311105030/https://www.santepubliquefrance.fr/maladies-et-traumatismes/maladies-et-infections-respiratoires/infection-a-coronavirus/articles/infection-au-nouveau-coronavirus-sars-cov-2-covid-19-france-et-monde,sante-publique-france,
42,2020-03-11,pays,FRA,France,2281.0,,,,48.0,,105.0,,,,Santé publique France,https://www.santepubliquefrance.fr/maladies-et-traumatismes/maladies-et-infections-respiratoires/infection-a-coronavirus/articles/infection-au-nouveau-coronavirus-sars-cov-2-covid-19-france-et-monde,https://web.archive.org/web/20200311235725/https://www.santepubliquefrance.fr/maladies-et-traumatismes/maladies-et-infections-respiratoires/infection-a-coronavirus/articles/infection-au-nouveau-coronavirus-sars-cov-2-covid-19-france-et-monde,sante-publique-france,
43,2020-03-12,pays,FRA,France,2876.0,,,,61.0,,129.0,,,,Santé publique France,https://www.santepubliquefrance.fr/maladies-et-traumatismes/maladies-et-infections-respiratoires/infection-a-coronavirus/articles/infection-au-nouveau-coronavirus-sars-cov-2-covid-19-france-et-monde,https://web.archive.org/web/20200312205456/https://www.santepubliquefrance.fr/maladies-et-traumatismes/maladies-et-infections-respiratoires/infection-a-coronavirus/articles/infection-au-nouveau-coronavirus-sars-cov-2-covid-19-france-et-monde,sante-publique-france,
44,2020-03-13,pays,FRA,France,3661.0,,,,79.0,,,,,,Santé publique France,https://www.santepubliquefrance.fr/maladies-et-traumatismes/maladies-et-infections-respiratoires/infection-a-coronavirus/articles/infection-au-nouveau-coronavirus-sars-cov-2-covid-19-france-et-monde,https://web.archive.org/web/20200314005123/https://www.santepubliquefrance.fr/maladies-et-traumatismes/maladies-et-infections-respiratoires/infection-a-coronavirus/articles/infection-au-nouveau-coronavirus-sars-cov-2-covid-19-france-et-monde,sante-publique-france,
45,2020-03-14,pays,FRA,France,4499.0,,,,91.0,,300.0,,,,Santé publique France,https://www.santepubliquefrance.fr/maladies-et-traumatismes/maladies-et-infections-respiratoires/infection-a-coronavirus/articles/infection-au-nouveau-coronavirus-sars-cov-2-covid-19-france-et-monde,https://web.archive.org/web/20200314195752/https://www.santepubliquefrance.fr/maladies-et-traumatismes/maladies-et-infections-respiratoires/infection-a-coronavirus/articles/infection-au-nouveau-coronavirus-sars-cov-2-covid-19-france-et-monde,sante-publique-france,
46,2020-03-15,pays,FRA,France,5423.0,,,,127.0,,,400.0,,,Santé publique France,https://www.santepubliquefrance.fr/maladies-et-traumatismes/maladies-et-infections-respiratoires/infection-a-coronavirus/articles/infection-au-nouveau-coronavirus-sars-cov-2-covid-19-france-et-monde,https://web.archive.org/web/20200316191321/https://www.santepubliquefrance.fr/maladies-et-traumatismes/maladies-et-infections-respiratoires/infection-a-coronavirus/articles/infection-au-nouveau-coronavirus-sars-cov-2-covid-19-france-et-monde,sante-publique-france,
47,2020-03-16,pays,FRA,France,6633.0,,,,148.0,,,,,,Santé publique France,https://www.santepubliquefrance.fr/maladies-et-traumatismes/maladies-et-infections-respiratoires/infection-a-coronavirus/articles/infection-au-nouveau-coronavirus-sars-cov-2-covid-19-france-et-monde,https://web.archive.org/web/20200316193700/https://www.santepubliquefrance.fr/maladies-et-traumatismes/maladies-et-infections-respiratoires/infection-a-coronavirus/articles/infection-au-nouveau-coronavirus-sars-cov-2-covid-19-france-et-monde,sante-publique-france,
48,2020-03-17,pays,FRA,France,7730.0,,,,175.0,,699.0,2579.0,602.0,,Santé publique France,https://www.santepubliquefrance.fr/maladies-et-traumatismes/maladies-et-infections-respiratoires/infection-a-coronavirus/articles/infection-au-nouveau-coronavirus-sars-cov-2-covid-19-france-et-monde,https://web.archive.org/web/20200317191451/https://www.santepubliquefrance.fr/maladies-et-traumatismes/maladies-et-infections-respiratoires/infection-a-coronavirus/articles/infection-au-nouveau-coronavirus-sars-cov-2-covid-19-france-et-monde,sante-publique-france,66991493.0
49,2020-03-18,pays,FRA,France,9134.0,,,,244.0,,931.0,3626.0,1000.0,,Santé publique France,https://www.santepubliquefrance.fr/maladies-et-traumatismes/maladies-et-infections-respiratoires/infection-a-coronavirus/articles/infection-au-nouveau-coronavirus-sars-cov-2-covid-19-france-et-monde,https://web.archive.org/web/20200318184308/https://www.santepubliquefrance.fr/maladies-et-traumatismes/maladies-et-infections-respiratoires/infection-a-coronavirus/articles/infection-au-nouveau-coronavirus-sars-cov-2-covid-19-france-et-monde,sante-publique-france,66989622.0
50,2020-03-19,pays,FRA,France,10995.0,,,,372.0,,1122.0,4461.0,1300.0,,Santé publique France,https://www.santepubliquefrance.fr/maladies-et-traumatismes/maladies-et-infections-respiratoires/infection-a-coronavirus/articles/infection-au-nouveau-coronavirus-sars-cov-2-covid-19-france-et-monde,https://web.archive.org/web/20200319194637/https://www.santepubliquefrance.fr/maladies-et-traumatismes/maladies-et-infections-respiratoires/infection-a-coronavirus/articles/infection-au-nouveau-coronavirus-sars-cov-2-covid-19-france-et-monde,sante-publique-france,66987333.0
51,2020-03-20,pays,FRA,France,12612.0,,,,450.0,,1297.0,5226.0,1587.0,,Santé publique France,https://www.santepubliquefrance.fr/maladies-et-traumatismes/maladies-et-infections-respiratoires/infection-a-coronavirus/articles/infection-au-nouveau-coronavirus-sars-cov-2-covid-19-france-et-monde,https://web.archive.org/web/20200320185449/https://www.santepubliquefrance.fr/maladies-et-traumatismes/maladies-et-infections-respiratoires/infection-a-coronavirus/articles/infection-au-nouveau-coronavirus-sars-cov-2-covid-19-france-et-monde,sante-publique-france,66985351.0
52,2020-03-21,pays,FRA,France,14459.0,,,,562.0,,1525.0,6172.0,,,Santé publique France,https://www.santepubliquefrance.fr/maladies-et-traumatismes/maladies-et-infections-respiratoires/infection-a-coronavirus/articles/infection-au-nouveau-coronavirus-sars-cov-2-covid-19-france-et-monde,https://web.archive.org/web/20200321183240/https://www.santepubliquefrance.fr/maladies-et-traumatismes/maladies-et-infections-respiratoires/infection-a-coronavirus/articles/infection-au-nouveau-coronavirus-sars-cov-2-covid-19-france-et-monde,sante-publique-france,
53,2020-03-22,pays,FRA,France,16689.0,,,,674.0,,1746.0,7240.0,2200.0,,Santé publique France,https://www.santepubliquefrance.fr/maladies-et-traumatismes/maladies-et-infections-respiratoires/infection-a-coronavirus/articles/infection-au-nouveau-coronavirus-sars-cov-2-covid-19-france-et-monde,https://web.archive.org/web/20200323121952/https://www.santepubliquefrance.fr/maladies-et-traumatismes/maladies-et-infections-respiratoires/infection-a-coronavirus/articles/infection-au-nouveau-coronavirus-sars-cov-2-covid-19-france-et-monde,sante-publique-france,66980437.0
54,2020-03-23,pays,FRA,France,19856.0,,,,860.0,,2082.0,8675.0,,,Santé publique France,https://www.santepubliquefrance.fr/maladies-et-traumatismes/maladies-et-infections-respiratoires/infection-a-coronavirus/articles/infection-au-nouveau-coronavirus-sars-cov-2-covid-19-france-et-monde,https://web.archive.org/web/20200323185012/https://www.santepubliquefrance.fr/maladies-et-traumatismes/maladies-et-infections-respiratoires/infection-a-coronavirus/articles/infection-au-nouveau-coronavirus-sars-cov-2-covid-19-france-et-monde,sante-publique-france,
55,2020-03-24,pays,FRA,France,22302.0,,,,1100.0,,2516.0,10176.0,3281.0,,Santé publique France,https://www.santepubliquefrance.fr/maladies-et-traumatismes/maladies-et-infections-respiratoires/infection-a-coronavirus/articles/infection-au-nouveau-coronavirus-sars-cov-2-covid-19-france-et-monde,https://web.archive.org/web/20200324193012/https://www.santepubliquefrance.fr/maladies-et-traumatismes/maladies-et-infections-respiratoires/infection-a-coronavirus/articles/infection-au-nouveau-coronavirus-sars-cov-2-covid-19-france-et-monde,sante-publique-france,66973317.0
56,2020-03-25,pays,FRA,France,25233.0,,,,1331.0,,2827.0,11539.0,3900.0,,Santé publique France,https://www.santepubliquefrance.fr/maladies-et-traumatismes/maladies-et-infections-respiratoires/infection-a-coronavirus/articles/infection-au-nouveau-coronavirus-sars-cov-2-covid-19-france-et-monde,https://web.archive.org/web/20200325185410/https://www.santepubliquefrance.fr/maladies-et-traumatismes/maladies-et-infections-respiratoires/infection-a-coronavirus/articles/infection-au-nouveau-coronavirus-sars-cov-2-covid-19-france-et-monde,sante-publique-france,66969536.0
57,2020-03-26,pays,FRA,France,29155.0,,,,1696.0,,3375.0,13904.0,4948.0,,Santé publique France,https://www.santepubliquefrance.fr/maladies-et-traumatismes/maladies-et-infections-respiratoires/infection-a-coronavirus/articles/infection-au-nouveau-coronavirus-sars-cov-2-covid-19-france-et-monde,https://web.archive.org/web/20200326183922/https://www.santepubliquefrance.fr/maladies-et-traumatismes/maladies-et-infections-respiratoires/infection-a-coronavirus/articles/infection-au-nouveau-coronavirus-sars-cov-2-covid-19-france-et-monde,sante-publique-france,66964201.0
58,2020-03-27,pays,FRA,France,32964.0,,,,1995.0,,3787.0,15732.0,,,Santé publique France,https://www.santepubliquefrance.fr/maladies-et-traumatismes/maladies-et-infections-respiratoires/infection-a-coronavirus/articles/infection-au-nouveau-coronavirus-sars-cov-2-covid-19-france-et-monde,https://web.archive.org/web/20200327182518/https://www.santepubliquefrance.fr/maladies-et-traumatismes/maladies-et-infections-respiratoires/infection-a-coronavirus/articles/infection-au-nouveau-coronavirus-sars-cov-2-covid-19-france-et-monde,sante-publique-france,
59,2020-03-28,pays,FRA,France,37575.0,,,,2314.0,,4273.0,17620.0,,,Santé publique France,https://www.santepubliquefrance.fr/maladies-et-traumatismes/maladies-et-infections-respiratoires/infection-a-coronavirus/articles/infection-au-nouveau-coronavirus-sars-cov-2-covid-19-france-et-monde,https://web.archive.org/web/20200328214724/https://www.santepubliquefrance.fr/maladies-et-traumatismes/maladies-et-infections-respiratoires/infection-a-coronavirus/articles/infection-au-nouveau-coronavirus-sars-cov-2-covid-19-france-et-monde,sante-publique-france,
60,2020-03-29,pays,FRA,France,40174.0,,,,2606.0,,4632.0,19354.0,,,Ministère des Solidarités et de la Santé,https://www.dailymotion.com/video/x7szyqv,,ministere-sante,
61,2020-03-30,pays,FRA,France,44550.0,,,,3024.0,,5107.0,21008.0,7924.0,,Ministère des Solidarités et de la Santé,https://www.dailymotion.com/video/x7t0k3s,,ministere-sante,66944502.0
62,2020-03-31,pays,FRA,France,52128.0,,,,3523.0,,5565.0,22757.0,9444.0,,Ministère des Solidarités et de la Santé,https://www.dailymotion.com/video/x7t1brv,,ministere-sante,66934905.0
63,2020-04-01,pays,FRA,France,56989.0,,,,4032.0,371.0,6017.0,24639.0,10935.0,,Ministère des Solidarités et de la Santé,,,ministere-sante,66928044.0
64,2020-04-02,pays,FRA,France,59105.0,,,,4503.0,884.0,6399.0,26246.0,12428.0,,Ministère des Solidarités et de la Santé,,,ministere-sante,66923964.0
65,2020-04-03,pays,FRA,France,64338.0,,,,5091.0,1416.0,6662.0,27432.0,14008.0,,Ministère des Solidarités et de la Santé,,,ministere-sante,66916563.0
66,2020-04-04,pays,FRA,France,68605.0,,,,5532.0,2028.0,6838.0,28143.0,15438.0,,Ministère des Solidarités et de la Santé,,,ministere-sante,66910425.0
67,2020-04-05,pays,FRA,France,70478.0,,,,5889.0,2189.0,6978.0,28891.0,16183.0,,Ministère des Solidarités et de la Santé,,,ministere-sante,66907450.0
68,2020-04-06,pays,FRA,France,74390.0,,,,6494.0,2417.0,7072.0,29722.0,17250.0,,Ministère des Solidarités et de la Santé,,,ministere-sante,66901866.0
69,2020-04-07,pays,FRA,France,78167.0,,,,7091.0,3237.0,7131.0,30027.0,19337.0,,Ministère des Solidarités et de la Santé,,,ministere-sante,66895405.0
70,2020-04-08,pays,FRA,France,82048.0,,,,7632.0,3237.0,7148.0,30375.0,21254.0,,Ministère des Solidarités et de la Santé,,,ministere-sante,66889066.0
71,2020-04-09,pays,FRA,France,86334.0,,,,8044.0,4166.0,7066.0,30767.0,23206.0,,Ministère des Solidarités et de la Santé,,,ministere-sante,66882416.0
72,2020-04-10,pays,FRA,France,90676.0,,,,8598.0,4599.0,7004.0,31267.0,24932.0,,Ministère des Solidarités et de la Santé,,,ministere-sante,66875794.0
73,2020-04-11,pays,FRA,France,93790.0,,,,8943.0,4889.0,6883.0,31320.0,26391.0,,Ministère des Solidarités et de la Santé,,,ministere-sante,66870876.0
74,2020-04-12,pays,FRA,France,95403.0,37188.0,11958.0,25230.0,9253.0,5140.0,6845.0,31826.0,27186.0,,Ministère des Solidarités et de la Santé,,,ministere-sante,66868158.0
75,2020-04-13,pays,FRA,France,98076.0,38703.0,12481.0,26222.0,9588.0,5379.0,6821.0,32113.0,27718.0,,Ministère des Solidarités et de la Santé,,,ministere-sante,66864618.0
76,2020-04-14,pays,FRA,France,103573.0,39730.0,13050.0,26680.0,10129.0,5600.0,6730.0,32292.0,28805.0,,Ministère des Solidarités et de la Santé,,,ministere-sante,66857493.0
77,2020-04-15,pays,FRA,France,106206.0,41657.0,14393.0,27264.0,10643.0,6524.0,6457.0,31779.0,30995.0,,Ministère des Solidarités et de la Santé,,,ministere-sante,66852156.0
78,2020-04-16,pays,FRA,France,108847.0,56180.0,18967.0,37213.0,11060.0,6860.0,6248.0,31305.0,32812.0,,Ministère des Solidarités et de la Santé,,,ministere-sante,66847281.0
79,2020-04-17,pays,FRA,France,109252.0,58989.0,20272.0,38717.0,11478.0,7203.0,6027.0,31190.0,34420.0,,Ministère des Solidarités et de la Santé,,,ministere-sante,66844850.0
80,2020-04-18,pays,FRA,France,111821.0,62135.0,22163.0,39972.0,11842.0,7481.0,5833.0,30639.0,35983.0,,Ministère des Solidarités et de la Santé,,,ministere-sante,66840354.0
81,2020-04-19,pays,FRA,France,112606.0,63336.0,23048.0,40288.0,12069.0,7649.0,5744.0,30610.0,36578.0,,Ministère des Solidarités et de la Santé,,,ministere-sante,66838747.0
82,2020-04-20,pays,FRA,France,114657.0,64117.0,23668.0,40726.0,12513.0,7752.0,5683.0,30584.0,37409.0,,Ministère des Solidarités et de la Santé,,,ministere-sante,66835421.0
83,2020-04-21,pays,FRA,France,117324.0,,,,12900.0,7896.0,5433.0,30106.0,39181.0,,Ministère des Solidarités et de la Santé,,,ministere-sante,66830595.0
84,2020-04-22,pays,FRA,France,119151.0,,25513.0,,13236.0,8104.0,5218.0,29741.0,40657.0,,Ministère des Solidarités et de la Santé,,,ministere-sante,66826956.0
85,2020-04-23,pays,FRA,France,120804.0,64219.0,26840.0,37379.0,13547.0,8309.0,5053.0,29219.0,42088.0,,Ministère des Solidarités et de la Santé,,,ministere-sante,66823561.0
86,2020-04-24,pays,FRA,France,122577.0,65131.0,27880.0,37251.0,13852.0,8393.0,4870.0,28658.0,43493.0,,Ministère des Solidarités et de la Santé,,,ministere-sante,66820078.0
87,2020-04-25,pays,FRA,France,124114.0,66500.0,29126.0,37374.0,14050.0,8564.0,4725.0,28222.0,44594.0,,Ministère des Solidarités et de la Santé,,,ministere-sante,66817242.0
88,2020-04-26,pays,FRA,France,124575.0,67168.0,29643.0,37525.0,14202.0,8654.0,4682.0,28217.0,44903.0,,Ministère des Solidarités et de la Santé,,,ministere-sante,66816320.0
89,2020-04-27,pays,FRA,France,128339.0,67730.0,30227.0,37503.0,14497.0,8796.0,4608.0,28055.0,45513.0,,Ministère des Solidarités et de la Santé,,,ministere-sante,66811651.0
90,2020-04-28,pays,FRA,France,129859.0,69893.0,30817.0,39076.0,14810.0,8850.0,4387.0,27484.0,46886.0,,Ministère des Solidarités et de la Santé,,,ministere-sante,66808445.0
91,2020-04-29,pays,FRA,France,128442.0,69773.0,31795.0,,15053.0,9034.0,4207.0,26834.0,48228.0,,Ministère des Solidarités et de la Santé,,,ministere-sante,66808277.0
92,2020-04-30,pays,FRA,France,129581.0,69952.0,32355.0,,15244.0,9132.0,4019.0,26283.0,49476.0,,Ministère des Solidarités et de la Santé,,,ministere-sante,66805699.0
93,2020-05-01,pays,FRA,France,130185.0,69952.0,32791.0,,15369.0,9225.0,3878.0,25887.0,50212.0,,Ministère des Solidarités et de la Santé,,,ministere-sante,66804234.0
94,2020-05-02,pays,FRA,France,130979.0,70688.0,33271.0,,15487.0,9273.0,3827.0,25827.0,50562.0,,Ministère des Solidarités et de la Santé,,,ministere-sante,66802972.0
95,2020-05-03,pays,FRA,France,131287.0,70767.0,33361.0,,15583.0,9312.0,3819.0,25815.0,50784.0,,Ministère des Solidarités et de la Santé,,,ministere-sante,66802346.0
96,2020-05-04,pays,FRA,France,131863.0,71390.0,33791.0,,15826.0,9375.0,3696.0,25548.0,51371.0,,Ministère des Solidarités et de la Santé,,,ministere-sante,66800940.0
97,2020-05-05,pays,FRA,France,132967.0,71692.0,34108.0,,16060.0,9471.0,3430.0,24775.0,52736.0,,Ministère des Solidarités et de la Santé,,,ministere-sante,66798237.0
98,2020-05-06,pays,FRA,France,137150.0,71548.0,34507.0,,16237.0,9572.0,3147.0,23983.0,53972.0,,Ministère des Solidarités et de la Santé,,,ministere-sante,66792641.0
99,2020-05-07,pays,FRA,France,137779.0,71665.0,34653.0,,16386.0,9601.0,2961.0,23208.0,55027.0,,Ministère des Solidarités et de la Santé,,,ministere-sante,66790808.0
100,2020-05-08,pays,FRA,France,138421.0,72548.0,34890.0,,16497.0,9733.0,2868.0,22724.0,55782.0,,Ministère des Solidarités et de la Santé,,,ministere-sante,66789300.0
101,2020-05-09,pays,FRA,France,138854.0,72850.0,35046.0,,16573.0,9737.0,2812.0,22614.0,56038.0,,Ministère des Solidarités et de la Santé,,,ministere-sante,66788535.0
102,2020-05-10,pays,FRA,France,139063.0,73143.0,35236.0,,16642.0,9738.0,2776.0,22569.0,56217.0,,Ministère des Solidarités et de la Santé,,,ministere-sante,66788078.0
103,2020-05-11,pays,FRA,France,139519.0,73099.0,35195.0,,16820.0,9823.0,2712.0,22284.0,56724.0,,Ministère des Solidarités et de la Santé,,,ministere-sante,66786937.0
104,2020-05-12,pays,FRA,France,140227.0,73435.0,35437.0,,17003.0,9988.0,2542.0,21595.0,57785.0,,Ministère des Solidarités et de la Santé,,,ministere-sante,66784985.0
